index,entry,combineScore,trueLabel
9.0,<entry1>  2021 The War On Drugs - I Don't Live Here Anymore  <entry2> <artistName>  more*  <trackName>  The Way,0.8720000000000001,0.0
75.0,<entry1>  Atln - Jasmine Thompson - Love Is Just A Word ft. Calum Scott - P1 - R - 0062L00000WCTxSQAX  <entry2> <artistName>  Jasmine Thompson and Calum Scott  <trackName>  love is just a word,0.864,1.0
92.0,<entry1>  WrAu - Tiesto - The Motto feat. Ava Max - P1 - R - 0062L00000WChpjQAD [Ava Max]  <entry2> <artistName>  Ti√´sto & Ava Max  <trackName>  The Motto,0.8759999999999999,1.0
93.0,<entry1>  WrAu - Tiesto - The Motto feat. Ava Max - P1 - R - 0062L00000WChpjQAD [Tiesto]  <entry2> <artistName>  Ti√´sto & Ava Max  <trackName>  The Motto,0.8759999999999999,1.0
100.0,<entry1>  Atln - Jasmine Thompson - Love Is Just A Word ft. Calum Scott - P1 - R - 0062L00000WCTxSQAX [United States]  <entry2> <artistName>  Jasmine Thompson and Calum Scott  <trackName>  love is just a word,0.864,1.0
122.0,<entry1>  WrCa - GAYLE - abcdedfu - P1 - R - 0062L00000WCdrmQAD [Canada]  <entry2> <artistName>  GAYLE  <trackName>  abcdefu,0.916,1.0
130.0,<entry1>  [A] WrNa - Warner Music Nashville - November YouTube Campaigns - P1 - R - 0062L00000WCWyiQAH  <entry2> <artistName>  Ash  <trackName>  Embers,0.8979999999999999,0.0
131.0,<entry1>  [A] WrNa - Warner Music Nashville - November YouTube Campaigns - P1 - R - 0062L00000WCWyiQAH  <entry2> <artistName>  gnash  <trackName>  us,0.92,0.0
141.0,<entry1>  YT - A36 - AREA 36 - Block - Preroll - Mot video  <entry2> <artistName>  13 Block  <trackName>  Vide,0.9,0.0
224.0,<entry1>  Neil Young Barn Album_CrazyHorse SongOfTheSeasons_Youtube_InStream Ad_awareness  <entry2> <artistName>  ORS  <trackName>  Intro,0.88,0.0
225.0,<entry1>  Neil Young Barn Album_CrazyHorse SongOfTheSeasons_Youtube_InStream Ad_awareness  <entry2> <artistName>  Neil Young  <trackName>  Intro,0.88,0.0
251.0,"<entry1>  N006347 iZaak x¬† Jay Wheeler¬† """"El Finde""""- Google Pre Roll Campaign- GOOGLE 4.5K  <entry2> <artistName>  Rampa  <trackName>  Roll",0.92,0.0
252.0,"<entry1>  N006347 iZaak x¬† Jay Wheeler¬† """"El Finde""""- Google Pre Roll Campaign- GOOGLE 4.5K  <entry2> <artistName>  Rampa  <trackName>  Ay",0.92,0.0
360.0,<entry1>  [OMV] Atln - Garrett Nash - Palm Trees - P1 - R - 0062L00000VJOUAQA5 [United States]  <entry2> <artistName>  gnash  <trackName>  Palm Trees,0.92,1.0
421.0,<entry1>  WrRE - Adam Melchor x Briston Maroney - Hold On For Dear Life - P1 - R - 0062L00000WCUvIQAX [United States]  <entry2> <artistName>  Adam  <trackName>  Dusta,0.88,0.0
460.0,<entry1>  N006396- Blessd Medallo -Pre Roll Campaign  Google 5k  <entry2> <artistName>  Rampa  <trackName>  Roll,0.92,0.0
511.0,<entry1>  AR - Pier - Mundo En Llamas (A Refacturar) - 1121 - N002852  <entry2> <artistName>  Pier  <trackName>  Almas,0.88,0.0
640.0,<entry1>  „Äê„ÅÇ„ÅÑ„Åø„Çá„ÇìÔºè„Éè„Éº„Éà„Äë_„Äêtiktok„Äë_„Äê20211112-1130„Äë  <entry2> <artistName>  Titiyo  <trackName>  13,0.868,0.0
691.0,<entry1>  Benson Boone - GHOST TOWN - Boost Benson - Local asset  <entry2> <artistName>  EBEN  <trackName>  Ghost Town,0.9,0.0
692.0,<entry1>  Benson Boone - GHOST TOWN - Boost Benson - Local asset  <entry2> <artistName>  Mala  <trackName>  One,0.9,0.0
791.0,<entry1>  DOM_DGerrard_Magic_ppe-youtube_12Nov2021  <entry2> <artistName>  210  <trackName>  Tub,0.92,0.0
852.0,<entry1>  [Iza & David Guetta - Family] Tr√°fego - 11.11.21  <entry2> <artistName>  IZA  <trackName>  Gueto,0.88,0.0
981.0,"<entry1>  [1869] - AR, Mariela Castiglioni, Anitta, Envolver, 60 K, Nov 2021  <entry2> <artistName>  STIG  <trackName>  Maria",0.88,0.0
991.0,"<entry1>  [1869] - AR, Mariela Castiglioni, Anitta, Envolver, 90K perfil de Anitta, Nov 2021  <entry2> <artistName>  STIG  <trackName>  Maria",0.88,0.0
1050.0,<entry1>  WMA / Jess Mauboy Glow / 2620 / PO67889  <entry2> <artistName>  Jessica Mauboy  <trackName>  Glow,0.916,1.0
1051.0,<entry1>  WMA / Jess Mauboy Glow / 2620 / PO67889  <entry2> <artistName>  JLS  <trackName>  Glow,0.868,0.0
1210.0,<entry1>  [FB - Bruno Mars] WrNz - Silk Sonic - Album - P1 - R - 0062L00000WCcoNQAT [New Zealand]  <entry2> <artistName>  Zeana  <trackName>  Run,0.92,0.0
1330.0,<entry1>  WrRE - Adam Melchor - x Briston Maroney - Holding on For Dear Life - P1 - R - 0062L00000WCUvIQAX [United States]  <entry2> <artistName>  Adam  <trackName>  Dusta,0.88,0.0
1331.0,<entry1>  WrRE - Adam Melchor - x Briston Maroney - Holding on For Dear Life - P1 - R - 0062L00000WCUvIQAX [United States]  <entry2> <artistName>  Adam Melchor & Briston Maroney  <trackName>  Hold on for Dear Life,0.8760000000000001,1.0
1332.0,<entry1>  WrRE - Adam Melchor - x Briston Maroney - Holding on For Dear Life - P1 - R - 0062L00000WCUvIQAX [United States]  <entry2> <artistName>  Rooney  <trackName>  Holdin' On,0.8720000000000001,0.0
1410.0,<entry1>  Instagram post: üêê @ckay_yo  <entry2> <artistName>  Rampa  <trackName>  Ay,0.92,0.0
1441.0,<entry1>  [Singapore] WrAR - WMG - Various Artists - Christmas - P1 - R - 0062L00000VJKAzQAP  <entry2> <artistName>  Various Artists  <trackName>  Last Christmas,0.874,1.0
1571.0,<entry1>  Christmas Track Campaign // Kylie Minogue // Spotify _Facebook_Feed Ad_clicks  <entry2> <artistName>  Kylie Minogue  <trackName>  Track 1,0.916,0.0
1572.0,<entry1>  Christmas Track Campaign // Kylie Minogue // Spotify _Facebook_Feed Ad_clicks  <entry2> <artistName>  Kylie Minogue  <trackName>  Track 5,0.916,0.0
1573.0,<entry1>  Christmas Track Campaign // Kylie Minogue // Spotify _Facebook_Feed Ad_clicks  <entry2> <artistName>  Kylie Minogue  <trackName>  Track 7,0.916,0.0
1574.0,<entry1>  Christmas Track Campaign // Kylie Minogue // Spotify _Facebook_Feed Ad_clicks  <entry2> <artistName>  Kylie Minogue  <trackName>  Track 8,0.916,0.0
1575.0,<entry1>  Christmas Track Campaign // Kylie Minogue // Spotify _Facebook_Feed Ad_clicks  <entry2> <artistName>  Kylie Minogue  <trackName>  Track 9,0.916,0.0
1577.0,<entry1>  Christmas Track Campaign // Kylie Minogue // Spotify _Facebook_Feed Ad_clicks  <entry2> <artistName>  Kylie Minogue  <trackName>  Stars,0.88,0.0
1620.0,<entry1>  Silk Sonic Album_Facebook_Feed Ad_awareness  <entry2> <artistName>  KSI  <trackName>  ok,0.868,0.0
1711.0,<entry1>  FOALS - Wake Me Up (Track)_Facebook_Feed Ad_clicks  <entry2> <artistName>  KSI  <trackName>  ok,0.92,0.0
1770.0,<entry1>  Heidi Klum - Wonderland_Facebook_Feed Ad_clicks  <entry2> <artistName>  KSI  <trackName>  ok,0.92,0.0
1900.0,<entry1>  Silk Sonic - Smoking Out The Window - IGS  <entry2> <artistName>  SIL  <trackName>  Windows,0.916,0.0
1901.0,<entry1>  Silk Sonic - Smoking Out The Window - IGS  <entry2> <artistName>  Sil  <trackName>  Windows,0.916,0.0
1902.0,<entry1>  Silk Sonic - Smoking Out The Window - IGS  <entry2> <artistName>  KSI  <trackName>  ok,0.868,0.0
2000.0,<entry1>  Nicole Horts Girasol  <entry2> <artistName>  Nicole Horts  <trackName>  Sola,0.916,0.0
2081.0,<entry1>  A36 - Block (R√¶kkevide)  <entry2> <artistName>  13 Block  <trackName>  Vide,0.9,0.0
2161.0,<entry1>  [Philippines] WrAR - WMG - Various Artists - Christmas - P1 - R - 0062L00000VJKAzQAP  <entry2> <artistName>  Various Artists  <trackName>  Last Christmas,0.874,1.0
2251.0,<entry1>  [Malaysia] WrAR - WMG - Various Artists - Christmas - P1 - R - 0062L00000VJKAzQAP  <entry2> <artistName>  Various Artists  <trackName>  Last Christmas,0.874,1.0
2309.0,<entry1>  Atln - Jasmine Thompson - Love Is Just A Word ft. Calum Scott - P1 - R - 0062L00000WCTxSQAX  <entry2> <artistName>  Jasmine Thompson and Calum Scott  <trackName>  love is just a word,0.864,1.0
2401.0,<entry1>  Angesagt! Heidi Klum - Wonderland (Official Lyric Video) Push_Youtube_Instream Ad & Discovery Ad_awareness  <entry2> <artistName>  WAR  <trackName>  Angel,0.88,0.0
2402.0,<entry1>  Angesagt! Heidi Klum - Wonderland (Official Lyric Video) Push_Youtube_Instream Ad & Discovery Ad_awareness  <entry2> <artistName>  War  <trackName>  Angel,0.88,0.0
2441.0,<entry1>  PL Noel Top Hits - 1k‚Ç¨ - Dark - 121121 - Trafic  <entry2> <artistName>  Leto  <trackName>  Trafic,0.9,0.0
2542.0,<entry1>  HI - Zoe Livay - Vloek - NL:PO(adcredits)  <entry2> <artistName>  LINA  <trackName>  LI,0.9,0.0
2582.0,<entry1>  Lil Uzi Vert - Demon High #2_TikTok_Promoted Post_clicks  <entry2> <artistName>  KSI  <trackName>  ok,0.92,0.0
2583.0,<entry1>  Lil Uzi Vert - Demon High #2_TikTok_Promoted Post_clicks  <entry2> <artistName>  LemON  <trackName>  Po,0.92,0.0
2632.0,<entry1>  WMP - Minelli - Nothing Hurts - Traffic  <entry2> <artistName>  EMIN  <trackName>  Hurt,0.9,0.0
2682.0,<entry1>  Malou - Let You Go_TikTok_In-Feed Ad_clicks  <entry2> <artistName>  KSI  <trackName>  ok,0.92,0.0
2701.0,<entry1>  JC Stewart - DSYLM FLight 3_TikTok_In-Feed Ad_clicks  <entry2> <artistName>  KSI  <trackName>  ok,0.92,0.0
2712.0,<entry1>  A36 - AREA 36 / BLOCK - Musikvideo Block Ute nu - Boost A36  <entry2> <artistName>  13 Block  <trackName>  Vide,0.9,0.0
2832.0,<entry1>  Warner Music Canada - Montreal - Amir - Ressources [Deluxe] - P1 - R - 0062L00000WCpy3QAD  <entry2> <artistName>  WAR  <trackName>  The MUSIC BAND,0.874,0.0
2833.0,<entry1>  Warner Music Canada - Montreal - Amir - Ressources [Deluxe] - P1 - R - 0062L00000WCpy3QAD  <entry2> <artistName>  War  <trackName>  The MUSIC BAND,0.874,0.0
2961.0,<entry1>  PLUMITAS | LIKE  <entry2> <artistName>  Plumas  <trackName>  Like,0.868,1.0
2991.0,<entry1>  Kelly Clarkson Birthday Campaign  <entry2> <artistName>  Rampa  <trackName>  Ay,0.92,0.0
3012.0,<entry1>  Int - Ed Sheeran - Overpass Graffiti MV - Landing Page Views - Spotify  <entry2> <artistName>  Ed Sheeran  <trackName>  Ending,0.8979999999999999,0.0
3062.0,<entry1>  [INTL] COLDPLAY ED SHEERAN FIX YOU  <entry2> <artistName>  Ay Em  <trackName>  LA,0.92,0.0
3063.0,<entry1>  [INTL] COLDPLAY ED SHEERAN FIX YOU  <entry2> <artistName>  Coldplay X BTS  <trackName>  Fix You,0.916,1.0
3071.0,<entry1>  [INTL] SILK SONIC SMOKIN OUT THE WINDOW REELS  <entry2> <artistName>  Sil  <trackName>  Windows,0.916,0.0
3072.0,<entry1>  [INTL] SILK SONIC SMOKIN OUT THE WINDOW REELS  <entry2> <artistName>  SIL  <trackName>  Windows,0.916,0.0
3073.0,<entry1>  [INTL] SILK SONIC SMOKIN OUT THE WINDOW REELS  <entry2> <artistName>  LSP  <trackName>  OK,0.92,0.0
3081.0,<entry1>  [INTL] SILK SONIC SMOKIN OUT THE WINDOW FB  <entry2> <artistName>  SIL  <trackName>  Windows,0.916,0.0
3082.0,<entry1>  [INTL] SILK SONIC SMOKIN OUT THE WINDOW FB  <entry2> <artistName>  Sil  <trackName>  Windows,0.916,0.0
3203.0,<entry1>  Falco Emotional Deluxe - Out Now - Pre Rolls_Facebook_Feed Ad_clicks  <entry2> <artistName>  KSI  <trackName>  ok,0.92,0.0
3371.0,<entry1>  Led Zeppelin Cat√°logo 50 Aniversario  <entry2> <artistName>  Corsario.  <trackName>  Peli,0.8839999999999999,0.0
3391.0,<entry1>  Hombres G Cat√°logo Rep Video #2  <entry2> <artistName>  Hombres G  <trackName>  Te vi,0.88,0.0
3552.0,<entry1>  [Long Beatz - Voodoo] Tr√°fego Youtube - 13.11.2021  <entry2> <artistName>  210  <trackName>  Tub,0.92,0.0
3564.0,<entry1>  V≈©. - B∆∞·ªõc Qua Nhau (Link Click)  <entry2> <artistName>  LINA  <trackName>  LIN,0.9,0.0
3565.0,<entry1>  V≈©. - B∆∞·ªõc Qua Nhau (Link Click)  <entry2> <artistName>  LINA  <trackName>  LI,0.9,0.0
3582.0,<entry1>  Tom Petty // Doku YouTube Launch // Promoted Post_Facebook_Promoted Post_clicks  <entry2> <artistName>  Motel  <trackName>  Aun,0.92,0.0
3583.0,<entry1>  Tom Petty // Doku YouTube Launch // Promoted Post_Facebook_Promoted Post_clicks  <entry2> <artistName>  KSI  <trackName>  ok,0.92,0.0
3622.0,<entry1>  WrCa - Gang of Youths - Man Himself + album pre-order - P1 - R - 0062L00000WCnU7QAL [Canada]  <entry2> <artistName>  Gang Of Youths  <trackName>  the man himself,0.88,1.0
3632.0,<entry1>  EdSheeran_OverpassGrafitti_15.11-25.11  <entry2> <artistName>  Ed Sheeran  <trackName>  Overpass Graffiti,0.8880000000000001,1.0
3641.0,<entry1>  [D] WrNa - Warner Music Nashville - November YouTube Campaigns - P1 - R - 0062L00000WCWyiQAH  <entry2> <artistName>  Ash  <trackName>  Embers,0.8979999999999999,0.0
3652.0,<entry1>  WrAu - NLE Choppa - Jump In ft. Polo G - P1 - R - 0062L00000VIyetQAD [Australia]  <entry2> <artistName>  NLE Choppa  <trackName>  Jumpin,0.8979999999999999,1.0
3653.0,<entry1>  WrAu - NLE Choppa - Jump In ft. Polo G - P1 - R - 0062L00000VIyetQAD [Australia]  <entry2> <artistName>  NLE Choppa  <trackName>  Jumpin (feat. Polo G),0.916,1.0
3731.0,<entry1>  Robin Schulz  Young Right Now traffic instream  <entry2> <artistName>  Robin Schulz  <trackName>  Dream,0.88,0.0
3741.0,<entry1>  WMP - YT - Alok feat. John Martin - Wherever You Go  <entry2> <artistName>  Gob  <trackName>  OK,0.92,0.0
3772.0,<entry1>  Robin Schulz & Dennis Lloyd - Young Right Now_Youtube_InStream Ad_clicks  <entry2> <artistName>  Robin Schulz  <trackName>  Dream,0.88,0.0
3782.0,<entry1>  Rhno - Sia - Snowman [2021] - P1 - R - 0062L00000WCfZHQA1 [In-Stream - USA]  <entry2> <artistName>  Snow  <trackName>  Dream,0.88,0.0
3861.0,<entry1>  V≈©. (Link Click)  <entry2> <artistName>  LINA  <trackName>  LI,0.9,0.0
3862.0,<entry1>  V≈©. (Link Click)  <entry2> <artistName>  LINA  <trackName>  LIN,0.9,0.0
3942.0,<entry1>  Warner Music Canada - Montreal - Amir - Ressources [Deluxe] - P1 - R - 0062L00000WCpy3QAD [Canada]  <entry2> <artistName>  War  <trackName>  The MUSIC BAND,0.874,0.0
3943.0,<entry1>  Warner Music Canada - Montreal - Amir - Ressources [Deluxe] - P1 - R - 0062L00000WCpy3QAD [Canada]  <entry2> <artistName>  WAR  <trackName>  The MUSIC BAND,0.874,0.0
3961.0,<entry1>  Rhno - Grateful Dead - Almanac - P1 - M - 0062L00000WCspdQAD - [USA]  <entry2> <artistName>  Grace  <trackName>  Us,0.92,0.0
